model,accuracy,precision,recall,f1
rf,0.8613983007472618,0.7899628252788105,0.5567685589519651,0.6531762295081968
nn,0.23789538335551233,0.2352336928608115,1.0,0.3808731808731809
