{
    "rf_accuracy": 0.8613983007472618,
    "rf_precision": 0.7899628252788105,
    "rf_recall": 0.5567685589519651,
    "rf_f1": 0.6531762295081968,
    "nn_accuracy": 0.8187122530453476,
    "nn_precision": 0.598109640831758,
    "nn_recall": 0.6908296943231441,
    "nn_f1": 0.6411347517730497
}