{
    "train_loss": 3.3513214588165283,
    "train_accuracy": 0.8070023059844971
}