{
    "rf_accuracy": 0.8613983007472618,
    "rf_precision": 0.7899628252788105,
    "rf_recall": 0.5567685589519651,
    "rf_f1": 0.6531762295081968,
    "nn_accuracy": 0.23789538335551233,
    "nn_precision": 0.2352336928608115,
    "nn_recall": 1.0,
    "nn_f1": 0.3808731808731809
}