{
    "train_loss": 182.6275634765625,
    "train_accuracy": 0.244107186794281
}