model,accuracy,precision,recall,f1
rf,0.8613983007472618,0.7899628252788105,0.5567685589519651,0.6531762295081968
nn,0.8187122530453476,0.598109640831758,0.6908296943231441,0.6411347517730497
